GH127.hmm	SRR7066492_k141_1001270_1
GT21.hmm	SRR7066492_k141_1001400_7
GT28.hmm	SRR7066492_k141_1002776_1
GH9.hmm	SRR7066492_k141_1005097_3
GH148.hmm	SRR7066492_k141_1006848_1
GH146.hmm	SRR7066492_k141_100826_1
GH109.hmm	SRR7066492_k141_1008863_2
GH102.hmm	SRR7066492_k141_1009710_4
CBM67.hmm	SRR7066492_k141_100978_5
GH31.hmm	SRR7066492_k141_100978_6
CBM67.hmm	SRR7066492_k141_100978_7
GH109.hmm	SRR7066492_k141_1009845_38
PL10_3.hmm	SRR7066492_k141_1009926_1
GH10.hmm	SRR7066492_k141_1013060_3
GH138.hmm	SRR7066492_k141_1013236_1
GH109.hmm	SRR7066492_k141_1013310_1
GH109.hmm	SRR7066492_k141_1013310_2
GH109.hmm	SRR7066492_k141_1014472_1
GT2_Glycos_transf_2.hmm	SRR7066492_k141_1019010_1
GH106.hmm	SRR7066492_k141_1019165_2
CBM9.hmm	SRR7066492_k141_1019822_1
CE19.hmm	SRR7066492_k141_1019822_2
GT4.hmm	SRR7066492_k141_1021382_47
GT9.hmm	SRR7066492_k141_1021740_1
CE4.hmm	SRR7066492_k141_1021855_1
GH16_3.hmm	SRR7066492_k141_1024837_2
GH141.hmm	SRR7066492_k141_1024837_5
GH146.hmm	SRR7066492_k141_1027654_3
CE14.hmm	SRR7066492_k141_1027679_2
GH109.hmm	SRR7066492_k141_1027821_1
GH38.hmm	SRR7066492_k141_1030747_1
GH109.hmm	SRR7066492_k141_1031548_1
GH10.hmm	SRR7066492_k141_103405_1
GH108.hmm	SRR7066492_k141_1034975_2
GH39.hmm	SRR7066492_k141_1035659_6
GH109.hmm	SRR7066492_k141_1035709_1
GH18.hmm	SRR7066492_k141_1037309_1
CE1.hmm	SRR7066492_k141_1037311_1
GH171.hmm	SRR7066492_k141_1037796_1
CE1.hmm	SRR7066492_k141_1042547_1
GH29.hmm	SRR7066492_k141_1043956_1
CE5.hmm	SRR7066492_k141_104423_1
GH117.hmm	SRR7066492_k141_1044946_10
GH95.hmm	SRR7066492_k141_1045177_4
GH109.hmm	SRR7066492_k141_1046358_2
GH97.hmm	SRR7066492_k141_1047414_24
GH109.hmm	SRR7066492_k141_1047922_1
GH109.hmm	SRR7066492_k141_1049355_2
GH120.hmm	SRR7066492_k141_1050712_2
CBM38.hmm	SRR7066492_k141_1050712_6
CE15.hmm	SRR7066492_k141_1052365_1
PL9.hmm	SRR7066492_k141_1053196_1
GH2.hmm	SRR7066492_k141_1057283_4
GH168.hmm	SRR7066492_k141_1057416_1
GH109.hmm	SRR7066492_k141_105984_1
GH4.hmm	SRR7066492_k141_1064842_2
GH94.hmm	SRR7066492_k141_1067105_15
GT2_Glycos_transf_2.hmm	SRR7066492_k141_1067105_157
GT30.hmm	SRR7066492_k141_1067141_1
GT26.hmm	SRR7066492_k141_1067188_2
GT4.hmm	SRR7066492_k141_1067251_1
GH5.hmm	SRR7066492_k141_1067509_1
PL1_2.hmm	SRR7066492_k141_1067993_9
PL10_1.hmm	SRR7066492_k141_1069264_1
GH3.hmm	SRR7066492_k141_1069530_9
GH109.hmm	SRR7066492_k141_1070203_2
GH109.hmm	SRR7066492_k141_1072792_1
GH146.hmm	SRR7066492_k141_1073088_2
GH103.hmm	SRR7066492_k141_1076872_56
GH2.hmm	SRR7066492_k141_1079931_12
GH29.hmm	SRR7066492_k141_1079931_15
CE1.hmm	SRR7066492_k141_1082295_2
GH73.hmm	SRR7066492_k141_1084027_2
GT21.hmm	SRR7066492_k141_1084681_1
GH23.hmm	SRR7066492_k141_1088312_1
GH109.hmm	SRR7066492_k141_1091982_2
GH32.hmm	SRR7066492_k141_1098081_1
GH109.hmm	SRR7066492_k141_1100649_24
GH109.hmm	SRR7066492_k141_1103065_3
GT83.hmm	SRR7066492_k141_1104105_2
GH109.hmm	SRR7066492_k141_1107570_1
GH116.hmm	SRR7066492_k141_1108080_3
GH109.hmm	SRR7066492_k141_110889_1
PL10_1.hmm	SRR7066492_k141_110889_4
GH33.hmm	SRR7066492_k141_110889_6
CBM51.hmm	SRR7066492_k141_1111047_1
GH32.hmm	SRR7066492_k141_1112044_3
GH95.hmm	SRR7066492_k141_1113326_20
GH95.hmm	SRR7066492_k141_1113326_40
GH63.hmm	SRR7066492_k141_1113326_41
CBM67.hmm	SRR7066492_k141_1113326_65
GH5_13.hmm	SRR7066492_k141_1113326_66
GH51.hmm	SRR7066492_k141_1113326_76
CBM9.hmm	SRR7066492_k141_1115340_1
GT28.hmm	SRR7066492_k141_1115350_1
PL14_3.hmm	SRR7066492_k141_1115433_3
GH23.hmm	SRR7066492_k141_1115485_61
GH20.hmm	SRR7066492_k141_1116541_5
GH5.hmm	SRR7066492_k141_1116638_1
CBM22.hmm	SRR7066492_k141_1119183_3
GH127.hmm	SRR7066492_k141_111928_11
GH25.hmm	SRR7066492_k141_111928_23
GH97.hmm	SRR7066492_k141_1119976_2
CBM9.hmm	SRR7066492_k141_1120077_36
GH127.hmm	SRR7066492_k141_1122179_1
GH3.hmm	SRR7066492_k141_1124510_1
GH23.hmm	SRR7066492_k141_1124833_3
GH51.hmm	SRR7066492_k141_1126838_1
GH127.hmm	SRR7066492_k141_1126838_3
GH127.hmm	SRR7066492_k141_1127246_3
CBM67.hmm	SRR7066492_k141_1127246_4
GH109.hmm	SRR7066492_k141_112747_3
GH109.hmm	SRR7066492_k141_1127613_3
GH29.hmm	SRR7066492_k141_1128658_1
CE19.hmm	SRR7066492_k141_1130240_3
GT83.hmm	SRR7066492_k141_1131778_4
GH29.hmm	SRR7066492_k141_1132691_1
GH109.hmm	SRR7066492_k141_1133579_3
GH4.hmm	SRR7066492_k141_113683_1
GH127.hmm	SRR7066492_k141_113766_2
GH29.hmm	SRR7066492_k141_1138104_2
GH109.hmm	SRR7066492_k141_1138847_2
CBM67.hmm	SRR7066492_k141_1142581_29
GH109.hmm	SRR7066492_k141_1142617_3
GH26.hmm	SRR7066492_k141_1144342_4
GH29.hmm	SRR7066492_k141_1147773_1
CBM9.hmm	SRR7066492_k141_1148003_4
CBM51.hmm	SRR7066492_k141_1150900_2
GH109.hmm	SRR7066492_k141_1150900_4
GH109.hmm	SRR7066492_k141_1153104_7
GH62.hmm	SRR7066492_k141_1153990_4
GH43_5.hmm	SRR7066492_k141_1154941_1
GH103.hmm	SRR7066492_k141_1155815_2
GH31.hmm	SRR7066492_k141_1156505_2
PL2.hmm	SRR7066492_k141_1159016_3
GH109.hmm	SRR7066492_k141_1159027_5
GH109.hmm	SRR7066492_k141_1160323_5
GH23.hmm	SRR7066492_k141_1161524_7
GH138.hmm	SRR7066492_k141_1162167_1
PL1_2.hmm	SRR7066492_k141_116341_1
GH2.hmm	SRR7066492_k141_1170507_2
GH127.hmm	SRR7066492_k141_1174235_1
GH5_55.hmm	SRR7066492_k141_1174239_3
PL33_2.hmm	SRR7066492_k141_1174245_2
GH136.hmm	SRR7066492_k141_1178391_3
GH136.hmm	SRR7066492_k141_1178391_4
GH109.hmm	SRR7066492_k141_1178660_1
GT2_Glycos_transf_2.hmm	SRR7066492_k141_1179382_10
GH16_3.hmm	SRR7066492_k141_1181473_1
CBM51.hmm	SRR7066492_k141_1182509_93
GH24.hmm	SRR7066492_k141_1184078_9
GH23.hmm	SRR7066492_k141_1186002_4
GH109.hmm	SRR7066492_k141_118951_10
PL21.hmm	SRR7066492_k141_1191830_1
GH31.hmm	SRR7066492_k141_1194232_2
GH29.hmm	SRR7066492_k141_1196114_2
GH127.hmm	SRR7066492_k141_1201315_3
GH32.hmm	SRR7066492_k141_1202029_1
GH141.hmm	SRR7066492_k141_1203147_2
CBM9.hmm	SRR7066492_k141_1203787_1
GH24.hmm	SRR7066492_k141_1203940_1
GH140.hmm	SRR7066492_k141_1205185_1
GH109.hmm	SRR7066492_k141_1205502_7
GH23.hmm	SRR7066492_k141_120600_5
CBM9.hmm	SRR7066492_k141_1207310_3
GH4.hmm	SRR7066492_k141_1208879_1
GT83.hmm	SRR7066492_k141_1209012_6
GH109.hmm	SRR7066492_k141_1209059_2
GH109.hmm	SRR7066492_k141_1209129_1
GH109.hmm	SRR7066492_k141_1209129_3
GH109.hmm	SRR7066492_k141_1210658_1
CE5.hmm	SRR7066492_k141_1211639_1
GH146.hmm	SRR7066492_k141_1211952_5
GH2.hmm	SRR7066492_k141_1212352_1
GH2.hmm	SRR7066492_k141_1212352_2
PL1.hmm	SRR7066492_k141_1213117_3
PL2.hmm	SRR7066492_k141_1214846_1
GH103.hmm	SRR7066492_k141_121735_3
GT83.hmm	SRR7066492_k141_1218029_1
GH51.hmm	SRR7066492_k141_1218929_6
GT105.hmm	SRR7066492_k141_1221_1
GH29.hmm	SRR7066492_k141_1222178_2
GH109.hmm	SRR7066492_k141_1224046_9
GH127.hmm	SRR7066492_k141_12244_12
CBM51.hmm	SRR7066492_k141_12244_5
GH17.hmm	SRR7066492_k141_1227058_3
GH129.hmm	SRR7066492_k141_1230959_2
GH16_3.hmm	SRR7066492_k141_1231683_1
GH9.hmm	SRR7066492_k141_1233045_1
GH29.hmm	SRR7066492_k141_1236013_2
GH2.hmm	SRR7066492_k141_1244000_3
GH106.hmm	SRR7066492_k141_1244410_3
CBM38.hmm	SRR7066492_k141_1244874_6
GH138.hmm	SRR7066492_k141_1246082_19
GH102.hmm	SRR7066492_k141_1247872_1
CE15.hmm	SRR7066492_k141_1247872_4
GT51.hmm	SRR7066492_k141_124966_1
PL15.hmm	SRR7066492_k141_125211_4
CBM38.hmm	SRR7066492_k141_1253624_2
CBM32.hmm	SRR7066492_k141_1254306_14
CE19.hmm	SRR7066492_k141_1255138_3
GH106.hmm	SRR7066492_k141_1258327_5
GH31.hmm	SRR7066492_k141_1260143_2
GH2.hmm	SRR7066492_k141_1263379_3
CBM38.hmm	SRR7066492_k141_1263379_4
GH23.hmm	SRR7066492_k141_1263785_3
GH28.hmm	SRR7066492_k141_1263793_1
GH29.hmm	SRR7066492_k141_1263793_3
GH53.hmm	SRR7066492_k141_1264095_1
GH136.hmm	SRR7066492_k141_1264169_3
GH109.hmm	SRR7066492_k141_1264169_4
GH139.hmm	SRR7066492_k141_1265334_28
GH43_24.hmm	SRR7066492_k141_1265827_13
GT2_Glycos_transf_2.hmm	SRR7066492_k141_1267323_2
GH109.hmm	SRR7066492_k141_1268095_5
GH62.hmm	SRR7066492_k141_1269035_1
CBM9.hmm	SRR7066492_k141_1270278_3
GT5.hmm	SRR7066492_k141_1274475_1
GH5_13.hmm	SRR7066492_k141_1276268_1
GH109.hmm	SRR7066492_k141_1276349_3
GH10.hmm	SRR7066492_k141_1281485_1
CBM67.hmm	SRR7066492_k141_1282417_33
GH33.hmm	SRR7066492_k141_1285076_1
GH106.hmm	SRR7066492_k141_1285852_4
GH137.hmm	SRR7066492_k141_1285852_6
GH109.hmm	SRR7066492_k141_1290201_5
GH171.hmm	SRR7066492_k141_1290201_7
GH148.hmm	SRR7066492_k141_1290607_15
PL29.hmm	SRR7066492_k141_1290607_3
PL11.hmm	SRR7066492_k141_1290607_4
GH95.hmm	SRR7066492_k141_1292328_4
GH127.hmm	SRR7066492_k141_1293101_5
PL1_2.hmm	SRR7066492_k141_1293101_6
GT105.hmm	SRR7066492_k141_1293267_1
GH13_20.hmm	SRR7066492_k141_129608_1
AA6.hmm	SRR7066492_k141_1296285_3
GH140.hmm	SRR7066492_k141_1300035_1
GH109.hmm	SRR7066492_k141_1303021_1
GH36.hmm	SRR7066492_k141_1304724_12
GH114.hmm	SRR7066492_k141_1304724_15
PL9_2.hmm	SRR7066492_k141_1304724_19
GH28.hmm	SRR7066492_k141_1305043_3
GH3.hmm	SRR7066492_k141_1306149_2
CE12.hmm	SRR7066492_k141_1307352_1
GH109.hmm	SRR7066492_k141_1308767_3
GH29.hmm	SRR7066492_k141_1313836_1
GH51.hmm	SRR7066492_k141_1314818_2
GH109.hmm	SRR7066492_k141_1314818_5
CE19.hmm	SRR7066492_k141_1314818_7
CBM16.hmm	SRR7066492_k141_1314818_8
PL25.hmm	SRR7066492_k141_1314914_2
GH29.hmm	SRR7066492_k141_1315405_1
GH116.hmm	SRR7066492_k141_1317909_5
GH109.hmm	SRR7066492_k141_1319512_4
GH109.hmm	SRR7066492_k141_1320123_2
GH141.hmm	SRR7066492_k141_1320393_2
GH4.hmm	SRR7066492_k141_1324408_1
GH62.hmm	SRR7066492_k141_1325047_1
GH29.hmm	SRR7066492_k141_1325063_2
GT2_Glycos_transf_2.hmm	SRR7066492_k141_1329407_1
GH171.hmm	SRR7066492_k141_1329532_4
GT4.hmm	SRR7066492_k141_1329884_1
CBM67.hmm	SRR7066492_k141_1330672_7
GH23.hmm	SRR7066492_k141_1332307_13
GH32.hmm	SRR7066492_k141_133724_1
PL42.hmm	SRR7066492_k141_134473_34
GH77.hmm	SRR7066492_k141_135223_2
GT11.hmm	SRR7066492_k141_139647_1
GH99.hmm	SRR7066492_k141_144243_2
GH29.hmm	SRR7066492_k141_146273_6
GH5_48.hmm	SRR7066492_k141_147327_3
GH32.hmm	SRR7066492_k141_152300_2
GH28.hmm	SRR7066492_k141_159890_1
GT51.hmm	SRR7066492_k141_165514_1
GT83.hmm	SRR7066492_k141_166921_1
GH109.hmm	SRR7066492_k141_167413_1
GH32.hmm	SRR7066492_k141_168268_1
GH109.hmm	SRR7066492_k141_170222_4
CE1.hmm	SRR7066492_k141_175141_1
GH109.hmm	SRR7066492_k141_175822_1
PL15.hmm	SRR7066492_k141_175965_2
CBM4.hmm	SRR7066492_k141_176286_1
GT2_Glyco_tranf_2_3.hmm	SRR7066492_k141_176591_1
CE1.hmm	SRR7066492_k141_177316_1
GH44.hmm	SRR7066492_k141_180964_1
GH106.hmm	SRR7066492_k141_181796_5
GH109.hmm	SRR7066492_k141_18334_3
GH116.hmm	SRR7066492_k141_183642_1
CE4.hmm	SRR7066492_k141_183719_1
GH2.hmm	SRR7066492_k141_187809_2
GH143.hmm	SRR7066492_k141_188377_1
GH28.hmm	SRR7066492_k141_191126_19
CE4.hmm	SRR7066492_k141_194102_2
GH23.hmm	SRR7066492_k141_194991_2
PL1_2.hmm	SRR7066492_k141_197375_1
GH109.hmm	SRR7066492_k141_198003_1
CE1.hmm	SRR7066492_k141_19905_2
GH142.hmm	SRR7066492_k141_20146_4
CE4.hmm	SRR7066492_k141_202885_2
GH120.hmm	SRR7066492_k141_206439_2
GH95.hmm	SRR7066492_k141_206595_2
GH29.hmm	SRR7066492_k141_207864_1
CE4.hmm	SRR7066492_k141_208491_1
GH143.hmm	SRR7066492_k141_209612_1
GH143.hmm	SRR7066492_k141_209612_2
GH29.hmm	SRR7066492_k141_209866_1
GT2_Glycos_transf_2.hmm	SRR7066492_k141_210797_4
GT66.hmm	SRR7066492_k141_211147_1
GH143.hmm	SRR7066492_k141_213267_2
GH109.hmm	SRR7066492_k141_214184_1
GH50.hmm	SRR7066492_k141_215065_4
GH95.hmm	SRR7066492_k141_217998_1
GH109.hmm	SRR7066492_k141_219301_3
GH109.hmm	SRR7066492_k141_220375_4
GH29.hmm	SRR7066492_k141_222323_14
GH29.hmm	SRR7066492_k141_224233_4
CE1.hmm	SRR7066492_k141_224365_1
PL6_2.hmm	SRR7066492_k141_224482_1
CBM9.hmm	SRR7066492_k141_228709_6
GH109.hmm	SRR7066492_k141_22924_1
GH109.hmm	SRR7066492_k141_229840_2
GH109.hmm	SRR7066492_k141_232741_1
GH2.hmm	SRR7066492_k141_233136_3
GH109.hmm	SRR7066492_k141_233136_4
CBM51.hmm	SRR7066492_k141_233535_14
GH127.hmm	SRR7066492_k141_234163_2
GH29.hmm	SRR7066492_k141_235672_2
GT4.hmm	SRR7066492_k141_235931_1
GH29.hmm	SRR7066492_k141_235999_2
GH33.hmm	SRR7066492_k141_236628_51
GH13_14.hmm	SRR7066492_k141_237246_2
GH123.hmm	SRR7066492_k141_237878_4
GH10.hmm	SRR7066492_k141_239099_4
GH141.hmm	SRR7066492_k141_241628_1
GH109.hmm	SRR7066492_k141_246827_1
GH171.hmm	SRR7066492_k141_248288_1
GH5_48.hmm	SRR7066492_k141_248909_2
CE4.hmm	SRR7066492_k141_249082_1
CBM38.hmm	SRR7066492_k141_251085_1
CBM32.hmm	SRR7066492_k141_251488_5
GH109.hmm	SRR7066492_k141_251542_1
GH140.hmm	SRR7066492_k141_25275_2
GH109.hmm	SRR7066492_k141_254662_6
GT105.hmm	SRR7066492_k141_255574_1
GH50.hmm	SRR7066492_k141_262538_2
GH27.hmm	SRR7066492_k141_264053_2
GH27.hmm	SRR7066492_k141_264065_1
CE3.hmm	SRR7066492_k141_266346_2
GH32.hmm	SRR7066492_k141_2692_43
GH109.hmm	SRR7066492_k141_270130_11
GH29.hmm	SRR7066492_k141_270279_1
GH53.hmm	SRR7066492_k141_270479_2
GH117.hmm	SRR7066492_k141_270841_2
GH106.hmm	SRR7066492_k141_272815_1
CBM9.hmm	SRR7066492_k141_272974_18
CBM57.hmm	SRR7066492_k141_272974_38
GH140.hmm	SRR7066492_k141_274529_1
GH28.hmm	SRR7066492_k141_274671_3
GH140.hmm	SRR7066492_k141_274671_4
GH31.hmm	SRR7066492_k141_275528_5
GH141.hmm	SRR7066492_k141_276033_2
GH136.hmm	SRR7066492_k141_276226_1
GH13_1.hmm	SRR7066492_k141_278706_11
GH53.hmm	SRR7066492_k141_278757_2
GH79.hmm	SRR7066492_k141_280208_97
CBM57.hmm	SRR7066492_k141_280729_1
GH116.hmm	SRR7066492_k141_281151_1
PL21_1.hmm	SRR7066492_k141_282928_3
CE1.hmm	SRR7066492_k141_284960_2
GH29.hmm	SRR7066492_k141_286969_2
GH97.hmm	SRR7066492_k141_287015_2
GH109.hmm	SRR7066492_k141_291183_2
GH109.hmm	SRR7066492_k141_291183_3
GH109.hmm	SRR7066492_k141_292039_3
CE4.hmm	SRR7066492_k141_292253_1
GH143.hmm	SRR7066492_k141_295439_2
GT2_Glycos_transf_2.hmm	SRR7066492_k141_29634_1
GH165.hmm	SRR7066492_k141_296506_9
GH43_34.hmm	SRR7066492_k141_300433_4
GH29.hmm	SRR7066492_k141_302996_2
GT11.hmm	SRR7066492_k141_304979_2
GH29.hmm	SRR7066492_k141_306315_2
GH3.hmm	SRR7066492_k141_30670_1
GH51.hmm	SRR7066492_k141_309674_3
GH140.hmm	SRR7066492_k141_311365_4
GH109.hmm	SRR7066492_k141_312176_31
GH2.hmm	SRR7066492_k141_312176_53
CE3.hmm	SRR7066492_k141_312220_1
GH3.hmm	SRR7066492_k141_313514_6
GH16_3.hmm	SRR7066492_k141_314733_2
CE19.hmm	SRR7066492_k141_314733_4
GH141.hmm	SRR7066492_k141_315699_1
GH109.hmm	SRR7066492_k141_315946_1
GT2_Glycos_transf_2.hmm	SRR7066492_k141_316439_1
GH109.hmm	SRR7066492_k141_317614_14
GH109.hmm	SRR7066492_k141_317614_17
GH141.hmm	SRR7066492_k141_317614_24
GH109.hmm	SRR7066492_k141_317614_8
PL33_2.hmm	SRR7066492_k141_31914_2
GT66.hmm	SRR7066492_k141_319540_6
GT83.hmm	SRR7066492_k141_321632_1
CBM9.hmm	SRR7066492_k141_322611_1
GT4.hmm	SRR7066492_k141_324940_2
CE1.hmm	SRR7066492_k141_327593_3
GH29.hmm	SRR7066492_k141_331374_1
GH95.hmm	SRR7066492_k141_332786_36
GH109.hmm	SRR7066492_k141_332948_4
GH109.hmm	SRR7066492_k141_332948_5
GH135.hmm	SRR7066492_k141_335751_1
GH20.hmm	SRR7066492_k141_337018_3
GH5_39.hmm	SRR7066492_k141_338433_5
GH5_25.hmm	SRR7066492_k141_339974_2
GH29.hmm	SRR7066492_k141_341043_2
CBM32.hmm	SRR7066492_k141_341624_16
GH27.hmm	SRR7066492_k141_342732_1
GH2.hmm	SRR7066492_k141_34376_1
GH165.hmm	SRR7066492_k141_345793_2
CBM9.hmm	SRR7066492_k141_346223_1
GH29.hmm	SRR7066492_k141_346554_42
CBM13.hmm	SRR7066492_k141_34700_2
GH109.hmm	SRR7066492_k141_34743_1
GT4.hmm	SRR7066492_k141_347808_2
CBM9.hmm	SRR7066492_k141_347822_2
CE4.hmm	SRR7066492_k141_349079_1
GH143.hmm	SRR7066492_k141_349990_1
GT2_Glycos_transf_2.hmm	SRR7066492_k141_351319_1
GH109.hmm	SRR7066492_k141_35133_2
GT105.hmm	SRR7066492_k141_3519_3
CBM67.hmm	SRR7066492_k141_353609_1
GH28.hmm	SRR7066492_k141_356828_3
GH143.hmm	SRR7066492_k141_356828_6
GH13_36.hmm	SRR7066492_k141_359289_3
GH32.hmm	SRR7066492_k141_359332_1
GH143.hmm	SRR7066492_k141_361294_7
GH23.hmm	SRR7066492_k141_362387_3
GH32.hmm	SRR7066492_k141_365292_11
GH95.hmm	SRR7066492_k141_365292_13
GH109.hmm	SRR7066492_k141_365292_14
CE14.hmm	SRR7066492_k141_367334_4
GH109.hmm	SRR7066492_k141_367403_1
PL9.hmm	SRR7066492_k141_367478_1
GH139.hmm	SRR7066492_k141_369228_1
CBM9.hmm	SRR7066492_k141_370333_1
PL2.hmm	SRR7066492_k141_371041_2
GH109.hmm	SRR7066492_k141_372283_1
GH140.hmm	SRR7066492_k141_373630_34
GT83.hmm	SRR7066492_k141_374535_3
GT39.hmm	SRR7066492_k141_377927_1
GH144.hmm	SRR7066492_k141_381209_1
GH43_26.hmm	SRR7066492_k141_384657_1
GH5_13.hmm	SRR7066492_k141_385395_22
GH28.hmm	SRR7066492_k141_385657_4
GH23.hmm	SRR7066492_k141_389435_2
GT2_Glycos_transf_2.hmm	SRR7066492_k141_390103_1
GH109.hmm	SRR7066492_k141_390659_10
GH33.hmm	SRR7066492_k141_391535_2
GH18.hmm	SRR7066492_k141_395954_1
GT4.hmm	SRR7066492_k141_398974_4
GH129.hmm	SRR7066492_k141_400987_2
GH96.hmm	SRR7066492_k141_400987_4
GH20.hmm	SRR7066492_k141_400987_5
PL11.hmm	SRR7066492_k141_400987_6
GH103.hmm	SRR7066492_k141_401231_1
CBM22.hmm	SRR7066492_k141_40507_1
GH171.hmm	SRR7066492_k141_405363_2
GH109.hmm	SRR7066492_k141_405364_4
GH141.hmm	SRR7066492_k141_405398_2
GH163.hmm	SRR7066492_k141_406620_18
GH141.hmm	SRR7066492_k141_40798_5
GH67.hmm	SRR7066492_k141_408659_1
GH109.hmm	SRR7066492_k141_414031_8
GH29.hmm	SRR7066492_k141_414785_1
GH109.hmm	SRR7066492_k141_416858_28
PL9_2.hmm	SRR7066492_k141_417585_1
GT1.hmm	SRR7066492_k141_418901_1
GH2.hmm	SRR7066492_k141_420102_173
GH127.hmm	SRR7066492_k141_420102_77
GH127.hmm	SRR7066492_k141_420102_78
GH102.hmm	SRR7066492_k141_420102_98
CBM9.hmm	SRR7066492_k141_423714_1
GH140.hmm	SRR7066492_k141_424369_2
GH5_13.hmm	SRR7066492_k141_426577_5
GH29.hmm	SRR7066492_k141_428440_1
CBM9.hmm	SRR7066492_k141_429338_1
GH146.hmm	SRR7066492_k141_430730_21
GH2.hmm	SRR7066492_k141_432568_17
GH29.hmm	SRR7066492_k141_432568_19
GH23.hmm	SRR7066492_k141_434002_2
GH2.hmm	SRR7066492_k141_435081_1
GH43_24.hmm	SRR7066492_k141_435201_2
GH123.hmm	SRR7066492_k141_436217_2
GH30.hmm	SRR7066492_k141_436256_3
GT2_Glycos_transf_2.hmm	SRR7066492_k141_438327_1
CE1.hmm	SRR7066492_k141_440424_2
GH127.hmm	SRR7066492_k141_442643_1
GH109.hmm	SRR7066492_k141_443815_1
GT2_Glycos_transf_2.hmm	SRR7066492_k141_444680_2
GT4.hmm	SRR7066492_k141_445769_10
GH51.hmm	SRR7066492_k141_446311_3
GH141.hmm	SRR7066492_k141_448381_1
GT20.hmm	SRR7066492_k141_449211_1
CE14.hmm	SRR7066492_k141_449379_1
GH73.hmm	SRR7066492_k141_449991_1
GH29.hmm	SRR7066492_k141_450159_1
GH109.hmm	SRR7066492_k141_451532_3
GH2.hmm	SRR7066492_k141_45196_2
GH31.hmm	SRR7066492_k141_45196_3
GH106.hmm	SRR7066492_k141_451967_1
GH28.hmm	SRR7066492_k141_454481_5
GH29.hmm	SRR7066492_k141_455352_1
GH32.hmm	SRR7066492_k141_455352_6
CE1.hmm	SRR7066492_k141_457423_2
GH103.hmm	SRR7066492_k141_459370_1
GH73.hmm	SRR7066492_k141_461730_1
CBM38.hmm	SRR7066492_k141_462878_1
GH10.hmm	SRR7066492_k141_464248_1
GH3.hmm	SRR7066492_k141_466252_2
GH109.hmm	SRR7066492_k141_466465_1
GH32.hmm	SRR7066492_k141_4713_2
GT4.hmm	SRR7066492_k141_473333_2
GH3.hmm	SRR7066492_k141_473382_2
GT105.hmm	SRR7066492_k141_47591_2
PL12.hmm	SRR7066492_k141_477395_2
GT105.hmm	SRR7066492_k141_481198_1
GH26.hmm	SRR7066492_k141_481571_1
GH51.hmm	SRR7066492_k141_482500_3
GH29.hmm	SRR7066492_k141_482756_3
GH114.hmm	SRR7066492_k141_483842_2
GH109.hmm	SRR7066492_k141_484991_1
CBM38.hmm	SRR7066492_k141_485175_1
GH28.hmm	SRR7066492_k141_485306_4
PL9.hmm	SRR7066492_k141_486288_1
GH136.hmm	SRR7066492_k141_488491_2
CE1.hmm	SRR7066492_k141_491497_2
GH51.hmm	SRR7066492_k141_491978_4
GH109.hmm	SRR7066492_k141_493598_1
GH109.hmm	SRR7066492_k141_493732_2
CE1.hmm	SRR7066492_k141_494460_2
GH136.hmm	SRR7066492_k141_49489_1
GH10.hmm	SRR7066492_k141_49695_10
GH16_3.hmm	SRR7066492_k141_49695_46
GH146.hmm	SRR7066492_k141_49695_9
GH33.hmm	SRR7066492_k141_499018_1
CE15.hmm	SRR7066492_k141_503385_1
GH127.hmm	SRR7066492_k141_505820_3
GH109.hmm	SRR7066492_k141_507067_2
GH109.hmm	SRR7066492_k141_507067_3
GH141.hmm	SRR7066492_k141_507756_3
GH29.hmm	SRR7066492_k141_50795_2
GH73.hmm	SRR7066492_k141_509197_2
GT4.hmm	SRR7066492_k141_509251_47
CBM9.hmm	SRR7066492_k141_512722_1
GH3.hmm	SRR7066492_k141_512852_2
GH135.hmm	SRR7066492_k141_512887_1
PL2.hmm	SRR7066492_k141_513767_3
GT105.hmm	SRR7066492_k141_514495_1
CE4.hmm	SRR7066492_k141_51506_4
GH109.hmm	SRR7066492_k141_516038_2
PL1_2.hmm	SRR7066492_k141_519230_3
GH30.hmm	SRR7066492_k141_519808_1
GH109.hmm	SRR7066492_k141_521910_1
GH28.hmm	SRR7066492_k141_522170_3
GH17.hmm	SRR7066492_k141_52253_2
GT81.hmm	SRR7066492_k141_523212_1
GH109.hmm	SRR7066492_k141_524944_1
GH109.hmm	SRR7066492_k141_525214_1
GH51.hmm	SRR7066492_k141_526936_2
PL1_2.hmm	SRR7066492_k141_528081_1
GH109.hmm	SRR7066492_k141_529086_1
GH109.hmm	SRR7066492_k141_532378_1
GH29.hmm	SRR7066492_k141_533312_10
GH5_13.hmm	SRR7066492_k141_533312_26
PL6_2.hmm	SRR7066492_k141_533359_2
GT83.hmm	SRR7066492_k141_533829_34
CBM9.hmm	SRR7066492_k141_535532_7
CE15.hmm	SRR7066492_k141_535742_3
GH109.hmm	SRR7066492_k141_536658_2
GH16_14.hmm	SRR7066492_k141_536658_3
PL6.hmm	SRR7066492_k141_536658_4
GH10.hmm	SRR7066492_k141_537902_1
GT28.hmm	SRR7066492_k141_538317_5
GH109.hmm	SRR7066492_k141_539482_2
GH109.hmm	SRR7066492_k141_541512_1
GH109.hmm	SRR7066492_k141_543373_3
GH109.hmm	SRR7066492_k141_544613_1
GH109.hmm	SRR7066492_k141_544834_1
GH5_39.hmm	SRR7066492_k141_544886_5
GH51.hmm	SRR7066492_k141_54537_3
GH109.hmm	SRR7066492_k141_546512_4
GT4.hmm	SRR7066492_k141_546663_12
GH95.hmm	SRR7066492_k141_547008_2
GH29.hmm	SRR7066492_k141_547061_1
GH62.hmm	SRR7066492_k141_549247_1
GH29.hmm	SRR7066492_k141_549833_1
GH97.hmm	SRR7066492_k141_549833_2
CE9.hmm	SRR7066492_k141_550357_1
GH2.hmm	SRR7066492_k141_553187_2
GH99.hmm	SRR7066492_k141_55461_1
GH3.hmm	SRR7066492_k141_557839_7
GH2.hmm	SRR7066492_k141_558348_1
GH29.hmm	SRR7066492_k141_558589_1
CBM16.hmm	SRR7066492_k141_559722_1
PL12_2.hmm	SRR7066492_k141_5624_4
GT105.hmm	SRR7066492_k141_564238_2
GH51.hmm	SRR7066492_k141_565199_3
GH29.hmm	SRR7066492_k141_565435_1
GH28.hmm	SRR7066492_k141_566011_1
GT105.hmm	SRR7066492_k141_566067_1
GH146.hmm	SRR7066492_k141_568996_2
GH109.hmm	SRR7066492_k141_570563_1
CE1.hmm	SRR7066492_k141_572747_3
GH106.hmm	SRR7066492_k141_574275_3
GH95.hmm	SRR7066492_k141_574561_5
GH29.hmm	SRR7066492_k141_575147_1
GH16_3.hmm	SRR7066492_k141_575922_4
CBM67.hmm	SRR7066492_k141_575996_2
GH113.hmm	SRR7066492_k141_579296_2
CBM9.hmm	SRR7066492_k141_580044_2
GH140.hmm	SRR7066492_k141_580475_3
GT83.hmm	SRR7066492_k141_58135_2
GT20.hmm	SRR7066492_k141_58150_1
CE1.hmm	SRR7066492_k141_581701_1
CBM38.hmm	SRR7066492_k141_58190_1
GT1.hmm	SRR7066492_k141_583552_3
GT4.hmm	SRR7066492_k141_58380_16
GT105.hmm	SRR7066492_k141_584246_3
GH171.hmm	SRR7066492_k141_584965_1
PL10_1.hmm	SRR7066492_k141_586638_1
GH113.hmm	SRR7066492_k141_587442_1
GH51.hmm	SRR7066492_k141_588317_2
GH140.hmm	SRR7066492_k141_588536_2
GH109.hmm	SRR7066492_k141_589356_5
GT112.hmm	SRR7066492_k141_589708_3
GH116.hmm	SRR7066492_k141_59028_2
CE8.hmm	SRR7066492_k141_590588_1
GH97.hmm	SRR7066492_k141_591386_1
GH43_20.hmm	SRR7066492_k141_591462_2
CBM9.hmm	SRR7066492_k141_592050_1
GH2.hmm	SRR7066492_k141_593251_2
GH116.hmm	SRR7066492_k141_593343_1
GH16_3.hmm	SRR7066492_k141_59428_2
GH23.hmm	SRR7066492_k141_598144_1
GH136.hmm	SRR7066492_k141_59827_2
GH136.hmm	SRR7066492_k141_599523_3
GH113.hmm	SRR7066492_k141_599696_2
GH29.hmm	SRR7066492_k141_599794_1
GH109.hmm	SRR7066492_k141_6000_1
GH138.hmm	SRR7066492_k141_600244_8
GH123.hmm	SRR7066492_k141_602029_1
GH109.hmm	SRR7066492_k141_602523_3
GH109.hmm	SRR7066492_k141_603002_5
PL42.hmm	SRR7066492_k141_603300_1
GH109.hmm	SRR7066492_k141_604430_1
GH165.hmm	SRR7066492_k141_609495_4
CBM9.hmm	SRR7066492_k141_610574_1
GH109.hmm	SRR7066492_k141_616712_11
GH109.hmm	SRR7066492_k141_616712_14
GH142.hmm	SRR7066492_k141_616712_16
GH109.hmm	SRR7066492_k141_617992_2
GH2.hmm	SRR7066492_k141_619707_19
PL42.hmm	SRR7066492_k141_619826_2
CE1.hmm	SRR7066492_k141_620792_2
GH28.hmm	SRR7066492_k141_62254_5
GH109.hmm	SRR7066492_k141_623202_10
GT105.hmm	SRR7066492_k141_623550_1
GH109.hmm	SRR7066492_k141_623560_5
GH28.hmm	SRR7066492_k141_624706_2
GT20.hmm	SRR7066492_k141_624706_4
CBM67.hmm	SRR7066492_k141_624953_1
GH16_3.hmm	SRR7066492_k141_625796_1
GH32.hmm	SRR7066492_k141_626630_2
GH13_20.hmm	SRR7066492_k141_626670_2
GH109.hmm	SRR7066492_k141_626877_5
GT21.hmm	SRR7066492_k141_628691_1
GH5_38.hmm	SRR7066492_k141_628782_3
CE19.hmm	SRR7066492_k141_628876_15
GH163.hmm	SRR7066492_k141_628876_6
GT83.hmm	SRR7066492_k141_632337_1
GH29.hmm	SRR7066492_k141_632371_1
GH32.hmm	SRR7066492_k141_632680_6
CBM67.hmm	SRR7066492_k141_632695_1
GH28.hmm	SRR7066492_k141_635787_1
CE1.hmm	SRR7066492_k141_635968_1
GH3.hmm	SRR7066492_k141_636921_1
GH95.hmm	SRR7066492_k141_642680_2
GH142.hmm	SRR7066492_k141_643651_56
GH127.hmm	SRR7066492_k141_643651_9
GT83.hmm	SRR7066492_k141_650420_1
GH95.hmm	SRR7066492_k141_651621_1
GH2.hmm	SRR7066492_k141_653310_1
GH139.hmm	SRR7066492_k141_657484_1
GH31.hmm	SRR7066492_k141_660010_10
GH109.hmm	SRR7066492_k141_660245_2
CBM38.hmm	SRR7066492_k141_663486_1
GH109.hmm	SRR7066492_k141_664441_2
GH29.hmm	SRR7066492_k141_667974_3
GH95.hmm	SRR7066492_k141_668379_13
GH95.hmm	SRR7066492_k141_668379_14
GH127.hmm	SRR7066492_k141_668379_25
CBM4.hmm	SRR7066492_k141_66863_4
CBM9.hmm	SRR7066492_k141_673504_3
GT51.hmm	SRR7066492_k141_675628_2
GT2_Glycos_transf_2.hmm	SRR7066492_k141_676652_1
CBM38.hmm	SRR7066492_k141_677408_2
PL1.hmm	SRR7066492_k141_678485_1
GT105.hmm	SRR7066492_k141_679158_1
GH32.hmm	SRR7066492_k141_679620_1
GH29.hmm	SRR7066492_k141_680112_3
GH31.hmm	SRR7066492_k141_687198_1
GH5_46.hmm	SRR7066492_k141_687576_3
GT2_Glycos_transf_2.hmm	SRR7066492_k141_688536_1
GH95.hmm	SRR7066492_k141_68878_2
PL10.hmm	SRR7066492_k141_689221_30
GH116.hmm	SRR7066492_k141_689221_31
GH10.hmm	SRR7066492_k141_689221_49
GH143.hmm	SRR7066492_k141_69254_3
CBM67.hmm	SRR7066492_k141_693475_1
GH10.hmm	SRR7066492_k141_693911_2
CBM67.hmm	SRR7066492_k141_694522_2
GT2_Glycos_transf_2.hmm	SRR7066492_k141_695050_6
CBM9.hmm	SRR7066492_k141_696239_2
CE15.hmm	SRR7066492_k141_697209_1
GH29.hmm	SRR7066492_k141_697562_1
CBM67.hmm	SRR7066492_k141_698886_1
GH109.hmm	SRR7066492_k141_698943_1
GH109.hmm	SRR7066492_k141_701562_32
GH95.hmm	SRR7066492_k141_703498_3
GH16_25.hmm	SRR7066492_k141_707342_3
GH136.hmm	SRR7066492_k141_708623_2
GH136.hmm	SRR7066492_k141_710641_3
GH16_12.hmm	SRR7066492_k141_711191_1
GH23.hmm	SRR7066492_k141_712724_5
GH3.hmm	SRR7066492_k141_713803_12
GH53.hmm	SRR7066492_k141_714279_1
PL33_2.hmm	SRR7066492_k141_71594_1
GH127.hmm	SRR7066492_k141_720079_16
GH26.hmm	SRR7066492_k141_721031_2
GH109.hmm	SRR7066492_k141_721502_1
GH33.hmm	SRR7066492_k141_721502_4
GT28.hmm	SRR7066492_k141_721788_6
CBM67.hmm	SRR7066492_k141_72206_2
GH29.hmm	SRR7066492_k141_725355_2
GH2.hmm	SRR7066492_k141_727280_17
GH109.hmm	SRR7066492_k141_729707_3
GH42.hmm	SRR7066492_k141_730022_21
PL33_1.hmm	SRR7066492_k141_730022_23
GH50.hmm	SRR7066492_k141_730022_24
GH109.hmm	SRR7066492_k141_730022_6
GH109.hmm	SRR7066492_k141_734087_1
GH109.hmm	SRR7066492_k141_734087_2
CE1.hmm	SRR7066492_k141_736177_1
GT4.hmm	SRR7066492_k141_738352_1
GH109.hmm	SRR7066492_k141_739215_2
CBM22.hmm	SRR7066492_k141_739677_1
GH106.hmm	SRR7066492_k141_740211_2
GH116.hmm	SRR7066492_k141_742054_3
GT83.hmm	SRR7066492_k141_742883_7
PL11_1.hmm	SRR7066492_k141_744941_3
GH2.hmm	SRR7066492_k141_745528_5
GH39.hmm	SRR7066492_k141_748381_5
GH5_25.hmm	SRR7066492_k141_749930_1
GH171.hmm	SRR7066492_k141_751725_2
GH109.hmm	SRR7066492_k141_754145_1
GT28.hmm	SRR7066492_k141_755481_1
GH109.hmm	SRR7066492_k141_756537_4
GH109.hmm	SRR7066492_k141_756537_5
CBM9.hmm	SRR7066492_k141_757147_2
CBM9.hmm	SRR7066492_k141_757732_1
GH13_20.hmm	SRR7066492_k141_757743_7
GH28.hmm	SRR7066492_k141_758178_1
GT32.hmm	SRR7066492_k141_759515_2
CBM9.hmm	SRR7066492_k141_759591_5
GH109.hmm	SRR7066492_k141_760753_1
GH165.hmm	SRR7066492_k141_760843_1
GH127.hmm	SRR7066492_k141_762263_4
GH109.hmm	SRR7066492_k141_764640_31
GH51.hmm	SRR7066492_k141_7665_3
PL25.hmm	SRR7066492_k141_768123_2
CE12.hmm	SRR7066492_k141_771440_2
GH140.hmm	SRR7066492_k141_772796_1
CBM9.hmm	SRR7066492_k141_773620_1
GH2.hmm	SRR7066492_k141_775521_3
GT83.hmm	SRR7066492_k141_775521_4
GH171.hmm	SRR7066492_k141_776460_1
GH30.hmm	SRR7066492_k141_776832_1
GH23.hmm	SRR7066492_k141_777034_21
GH140.hmm	SRR7066492_k141_777500_1
GH95.hmm	SRR7066492_k141_78261_3
GH29.hmm	SRR7066492_k141_783072_2
GH28.hmm	SRR7066492_k141_785720_10
CE4.hmm	SRR7066492_k141_785720_3
GH2.hmm	SRR7066492_k141_788560_2
CBM9.hmm	SRR7066492_k141_789123_1
CE1.hmm	SRR7066492_k141_789409_3
CE1.hmm	SRR7066492_k141_790151_2
GH43.hmm	SRR7066492_k141_792080_1
CE1.hmm	SRR7066492_k141_800055_1
GH2.hmm	SRR7066492_k141_800108_13
PL11.hmm	SRR7066492_k141_802674_22
GH109.hmm	SRR7066492_k141_804079_1
GH30.hmm	SRR7066492_k141_807498_1
CBM38.hmm	SRR7066492_k141_810184_27
CE14.hmm	SRR7066492_k141_811072_1
GH2.hmm	SRR7066492_k141_812643_59
GH5_36.hmm	SRR7066492_k141_813158_1
CE3.hmm	SRR7066492_k141_815195_3
GH1.hmm	SRR7066492_k141_816234_1
GH127.hmm	SRR7066492_k141_818975_32
GT105.hmm	SRR7066492_k141_820933_4
GH29.hmm	SRR7066492_k141_823650_1
PL9.hmm	SRR7066492_k141_823824_1
GH32.hmm	SRR7066492_k141_824080_2
GH129.hmm	SRR7066492_k141_824634_2
CE7.hmm	SRR7066492_k141_826514_3
GH27.hmm	SRR7066492_k141_82735_1
GH123.hmm	SRR7066492_k141_831751_7
GH113.hmm	SRR7066492_k141_833573_2
GH32.hmm	SRR7066492_k141_835403_2
CE14.hmm	SRR7066492_k141_835504_4
GH138.hmm	SRR7066492_k141_843316_1
PL42.hmm	SRR7066492_k141_84389_3
GH73.hmm	SRR7066492_k141_84397_2
GH109.hmm	SRR7066492_k141_845731_9
GH32.hmm	SRR7066492_k141_847224_1
GH32.hmm	SRR7066492_k141_848054_11
GH106.hmm	SRR7066492_k141_848054_6
CBM32.hmm	SRR7066492_k141_848054_7
GH127.hmm	SRR7066492_k141_848054_9
CBM9.hmm	SRR7066492_k141_848917_1
GH36.hmm	SRR7066492_k141_851653_4
GH165.hmm	SRR7066492_k141_852840_10
GH146.hmm	SRR7066492_k141_852840_7
GH3.hmm	SRR7066492_k141_852964_1
GH32.hmm	SRR7066492_k141_853087_2
GH29.hmm	SRR7066492_k141_853970_2
GH109.hmm	SRR7066492_k141_855484_1
PL1_2.hmm	SRR7066492_k141_856890_1
GH2.hmm	SRR7066492_k141_85894_9
GH29.hmm	SRR7066492_k141_861630_4
GH37.hmm	SRR7066492_k141_863118_7
GH143.hmm	SRR7066492_k141_865375_1
GH2.hmm	SRR7066492_k141_86558_21
GH109.hmm	SRR7066492_k141_868830_2
PL10_3.hmm	SRR7066492_k141_869314_2
GT51.hmm	SRR7066492_k141_869529_2
PL9_2.hmm	SRR7066492_k141_870667_4
GH43_18.hmm	SRR7066492_k141_871711_6
GH5_42.hmm	SRR7066492_k141_871943_1
GH29.hmm	SRR7066492_k141_876327_2
GH43_5.hmm	SRR7066492_k141_876723_1
CBM38.hmm	SRR7066492_k141_882234_2
CE1.hmm	SRR7066492_k141_883013_8
GH29.hmm	SRR7066492_k141_89079_1
GH138.hmm	SRR7066492_k141_891556_1
GH109.hmm	SRR7066492_k141_891802_2
GH16_25.hmm	SRR7066492_k141_892380_3
GH109.hmm	SRR7066492_k141_893426_31
GH109.hmm	SRR7066492_k141_893426_35
GH4.hmm	SRR7066492_k141_896744_1
GT4.hmm	SRR7066492_k141_89722_2
GH38.hmm	SRR7066492_k141_897297_2
CE4.hmm	SRR7066492_k141_897437_2
GH113.hmm	SRR7066492_k141_899022_2
GH2.hmm	SRR7066492_k141_89916_5
GH110.hmm	SRR7066492_k141_89916_6
GH51.hmm	SRR7066492_k141_901050_2
GH4.hmm	SRR7066492_k141_902034_1
GH143.hmm	SRR7066492_k141_90497_1
GH51.hmm	SRR7066492_k141_906394_21
GH2.hmm	SRR7066492_k141_906394_73
GT83.hmm	SRR7066492_k141_912246_56
GH109.hmm	SRR7066492_k141_912246_62
GH109.hmm	SRR7066492_k141_912246_64
GH109.hmm	SRR7066492_k141_912246_67
CBM38.hmm	SRR7066492_k141_912820_1
GH2.hmm	SRR7066492_k141_913022_2
GH139.hmm	SRR7066492_k141_916588_1
GH29.hmm	SRR7066492_k141_916722_2
GH109.hmm	SRR7066492_k141_918843_2
GH109.hmm	SRR7066492_k141_919049_1
GH29.hmm	SRR7066492_k141_920449_1
GH109.hmm	SRR7066492_k141_922450_2
GH109.hmm	SRR7066492_k141_924097_8
CBM4.hmm	SRR7066492_k141_924560_5
GH136.hmm	SRR7066492_k141_925006_2
GT4.hmm	SRR7066492_k141_926077_1
GH129.hmm	SRR7066492_k141_928159_3
GT105.hmm	SRR7066492_k141_929272_2
GH136.hmm	SRR7066492_k141_929657_2
GH27.hmm	SRR7066492_k141_932706_2
GH109.hmm	SRR7066492_k141_932966_5
GT83.hmm	SRR7066492_k141_933978_2
CBM66.hmm	SRR7066492_k141_934999_12
GH109.hmm	SRR7066492_k141_935601_9
GH2.hmm	SRR7066492_k141_936486_1
GH28.hmm	SRR7066492_k141_936486_2
PL25.hmm	SRR7066492_k141_939745_2
GH109.hmm	SRR7066492_k141_940863_1
GH29.hmm	SRR7066492_k141_941571_1
GT4.hmm	SRR7066492_k141_943999_1
GT4.hmm	SRR7066492_k141_944401_3
CE1.hmm	SRR7066492_k141_944425_1
GT2_Glycos_transf_2.hmm	SRR7066492_k141_948192_6
GT2_Glycos_transf_2.hmm	SRR7066492_k141_948223_1
GH31.hmm	SRR7066492_k141_953550_24
GH109.hmm	SRR7066492_k141_953961_2
GH28.hmm	SRR7066492_k141_953961_4
GH30.hmm	SRR7066492_k141_953961_5
GH29.hmm	SRR7066492_k141_954043_2
GH18.hmm	SRR7066492_k141_954868_3
GH109.hmm	SRR7066492_k141_958023_3
PL14_3.hmm	SRR7066492_k141_959896_1
GH97.hmm	SRR7066492_k141_960541_2
GH142.hmm	SRR7066492_k141_961804_6
PL1_2.hmm	SRR7066492_k141_961804_9
GH13.hmm	SRR7066492_k141_962381_2
CE19.hmm	SRR7066492_k141_962871_13
GH32.hmm	SRR7066492_k141_963238_4
GH4.hmm	SRR7066492_k141_964433_1
GH109.hmm	SRR7066492_k141_965499_1
GH23.hmm	SRR7066492_k141_96974_11
GH20.hmm	SRR7066492_k141_971645_3
GH127.hmm	SRR7066492_k141_974708_3
PL11.hmm	SRR7066492_k141_975494_8
GH2.hmm	SRR7066492_k141_975982_13
GH109.hmm	SRR7066492_k141_976279_5
GH120.hmm	SRR7066492_k141_976843_12
GH3.hmm	SRR7066492_k141_976843_15
GH141.hmm	SRR7066492_k141_979178_4
GH13.hmm	SRR7066492_k141_97971_3
GH140.hmm	SRR7066492_k141_980604_1
GT1.hmm	SRR7066492_k141_981072_161
GH109.hmm	SRR7066492_k141_982016_1
GH29.hmm	SRR7066492_k141_982016_2
GH92.hmm	SRR7066492_k141_982221_7
CBM9.hmm	SRR7066492_k141_985923_1
GH109.hmm	SRR7066492_k141_986023_1
GH129.hmm	SRR7066492_k141_986023_7
GH29.hmm	SRR7066492_k141_988102_2
CE15.hmm	SRR7066492_k141_989843_1
GH29.hmm	SRR7066492_k141_990711_2
CE4.hmm	SRR7066492_k141_99126_2
GT4.hmm	SRR7066492_k141_991851_3
CE1.hmm	SRR7066492_k141_994716_3
GH29.hmm	SRR7066492_k141_995822_1
PL11.hmm	SRR7066492_k141_99611_3
CBM22.hmm	SRR7066492_k141_996558_1
GH158.hmm	SRR7066492_k141_996659_1
GH4.hmm	SRR7066492_k141_997765_1
GH3.hmm	SRR7066492_k141_998546_5
GH29.hmm	SRR7066492_k141_998925_1
CE5.hmm	SRR7066492_k141_999403_1
